USE AltitudeAnalysts;

INSERT INTO TravelAgent (Id, FirstName, LastName, Company, Email)
VALUES
(1, 'Alice', 'Johnson', 'Boston Travel Inc.', 'alice.johnson@bostontravel.com'),
(2, 'David', 'Williams', 'Heathrow Travel Co.', 'david.williams@heathrowtravel.com'),
(3, 'Sophia', 'Miller', 'Luton Getaways', 'sophia.miller@lutongetaways.com')
(4, 'Vilma', 'Costall', 'Safari Stars', 'vcostall3@howstuffworks.com'),
(5, 'Emlyn', 'Mickleborough', 'Roaming Rovers', 'emickleborough4@squarespace.com'),
(6, 'Sib', 'Baitman', 'Journey Journeys', 'sbaitman5@naver.com'),
(7, 'Travers', 'Kewish', 'Pathfinder Paradise', 'tkewish6@dmoz.org'),
(8, 'Cher', 'Kunc', 'Voyager Vagabonds', 'ckunc7@360.cn'),
(9, 'Woodie', 'Jacobovitz', 'Odyssey Odyssey', 'wjacobovitz8@nature.com'),
(10, 'Ole', 'Dunnaway', 'Excursion Experts', 'odunnaway9@comsenz.com'),
(11, 'Huberto', 'Cratere', 'Explorer Escapades', 'hcraterea@webs.com'),
(12, 'Agnola', 'Zeal', 'Travel Tribe', 'azealb@webmd.com'),
(13, 'Augustine', 'Meadowcroft', 'Odyssey Oasis', 'ameadowcroftc@mapy.cz'),
(14, 'Urban', 'Janus', 'Journey Junction', 'ujanusd@telegraph.co.uk'),
(15, 'Margarette', 'Bennit', 'Travel Tribe', 'mbennite@ocn.ne.jp'),
(16, 'Malvin', 'Salvador', 'Travel Tribe', 'msalvadorf@mozilla.com'),
(17, 'Cassandra', 'Sainsberry', 'Vagabond Ventures', 'csainsberryg@typepad.com'),
(18, 'Libbi', 'Gooble', 'Adventure Awaits', 'lgoobleh@amazon.com'),
(19, 'Valdemar', 'Jills', 'Adventure Seekers', 'vjillsi@live.com'),
(20, 'Ilise', 'Milland', 'Cruise Captains', 'imillandj@aol.com'),
(21, 'Nickolai', 'Hoyer', 'Journey Junction', 'nhoyerk@nytimes.com'),
(22, 'Noelani', 'Rainon', 'Wanderlust Wonders', 'nrainonl@umich.edu'),
(23, 'Aggie', 'Bosenworth', 'Vagabond Ventures', 'abosenworthm@nsw.gov.au'),
(24, 'Holly', 'Fairpo', 'Pathfinder Paradise', 'hfairpon@nationalgeographic.com'),
(25, 'Cecil', 'Amoore', 'Adventure Awaits', 'camooreo@timesonline.co.uk'),
(26, 'Annice', 'Dimitrescu', 'Pathfinder Adventures', 'adimitrescup@furl.net'),
(27, 'Cass', 'Hagston', 'Voyage Vistas', 'chagstonq@gov.uk'),
(28, 'Herminia', 'Pring', 'Excursion Escapes', 'hpringr@networkadvertising.org'),
(29, 'Hatty', 'Sinderson', 'Pathfinder Paradise', 'hsindersons@simplemachines.org'),
(30, 'Lynea', 'Lyddon', 'Odyssey Oasis', 'llyddont@ftc.gov'),
(31, 'Johnette', 'Stoffer', 'Odyssey Odyssey', 'jstofferu@mozilla.org'),
(32, 'Ardis', 'Whatling', 'Wanderlust Wagon', 'awhatlingv@sogou.com'),
(33, 'Betteanne', 'Buzine', 'Pathfinder Paradise', 'bbuzinew@miibeian.gov.cn'),
(34, 'Kerrin', 'Masser', 'Nomad Navigators', 'kmasserx@cnbc.com'),
(35, 'Milena', 'Nipper', 'Wanderlust Wonders', 'mnippery@jalbum.net'),
(36, 'Keane', 'Corey', 'Wanderlust Warriors', 'kcoreyz@bbb.org'),
(37, 'Gretchen', 'Fitzsymonds', 'Explorer Expeditions', 'gfitzsymonds10@people.com.cn'),
(38, 'Vincent', 'Aymerich', 'Voyage Vistas', 'vaymerich11@stanford.edu'),
(39, 'Ethan', 'Draude', 'Voyager Vagabonds', 'edraude12@1und1.de'),
(40, 'Benedicto', 'Letts', 'Journey Journeys', 'bletts13@symantec.com');


INSERT INTO Airline (Name, Id)
VALUES
('Qatar Airways', 1),
('Aeromexico', 2),
('Swiss International Air Lines', 3),
('Qatar Airways', 4),
('Interjet', 5),
('Aer Lingus', 6),
('Qatar Airways', 7),
('JetBlue', 8),
('Azul Brazilian Airlines', 9),
('Volaris', 10),
('Southwest Airlines', 11),
('Iberia', 12),
('Allegiant Air', 13),
('American Airlines', 14),
('Qatar Airways', 15),
('Interjet', 16),
('EasyJet', 17),
('KLM', 18),
('KLM', 19),
('Volaris', 20),
('Aer Lingus', 21),
('Azul Brazilian Airlines', 22),
('British Airways', 23),
('LATAM Airlines', 24),
('United Airlines', 25),
('Volaris', 26),
('WestJet', 27),
('WestJet', 28),
('Aerolineas Argentinas', 29),
('JetBlue', 30),
('Volaris', 31),
('Frontier Airlines', 32),
('Qantas', 33),
('Air Canada', 34),
('KLM', 35),
('Qatar Airways', 36),
('Spirit Airlines', 37),
('Air New Zealand', 38),
('Qatar Airways', 39),
('Allegiant Air', 40);

INSERT INTO AirlineManager (Id, FirstName, LastName, Email, AirlineId)
VALUES
(1, 'Linell', 'Leyborne', 'lleyborne0@furl.net', 1),
(2, 'Orlan', 'Lyall', 'olyall1@amazon.co.uk', 2),
(3, 'Enos', 'Summerhayes', 'esummerhayes2@gizmodo.com', 3),
(4, 'Yorker', 'Comport', 'ycomport3@hexun.com', 4),
(5, 'Ronalda', 'Haddow', 'rhaddow4@linkedin.com', 5),
(6, 'Donnie', 'Cansdell', 'dcansdell5@hhs.gov', 6),
(7, 'Chrissie', 'Zamorano', 'czamorano6@wufoo.com', 7),
(8, 'Derward', 'Baguley', 'dbaguley7@mozilla.com', 8),
(9, 'Gloriane', 'Basindale', 'gbasindale8@miitbeian.gov.cn', 9),
(10, 'Roy', 'Davio', 'rdavio9@prnewswire.com', 10),
(11, 'Geraldine', 'Checo', 'gchecoa@woothemes.com', 11),
(12, 'Zolly', 'Guard', 'zguardb@mediafire.com', 12),
(13, 'Evelyn', 'Drabble', 'edrabblec@washington.edu', 13),
(14, 'Rora', 'Munro', 'rmunrod@yellowbook.com', 14),
(15, 'Mallory', 'Jaycock', 'mjaycocke@seesaa.net', 15),
(16, 'Oran', 'Savage', 'osavagef@aboutads.info', 16),
(17, 'Verena', 'Bellon', 'vbellong@naver.com', 17),
(18, 'Weylin', 'Lamcken', 'wlamckenh@nih.gov', 18),
(19, 'Helge', 'Odger', 'hodgeri@dailymail.co.uk', 19),
(20, 'Aloin', 'Segoe', 'asegoej@ycombinator.com', 20),
(21, 'Jules', 'Wolverson', 'jwolversonk@arizona.edu', 21),
(22, 'Lavena', 'Garms', 'lgarmsl@digg.com', 22),
(23, 'Caresse', 'Tidcombe', 'ctidcombem@epa.gov', 23),
(24, 'Nicolas', 'Edmondson', 'nedmondsonn@aboutads.info', 24),
(25, 'Nanny', 'Mc Meekin', 'nmcmeekino@wikipedia.org', 25),
(26, 'Andriana', 'Sylett', 'asylettp@edublogs.org', 26),
(27, 'Arvy', 'Jacobi', 'ajacobiq@google.co.uk', 27),
(28, 'Betti', 'Saing', 'bsaingr@apache.org', 28),
(29, 'Dionis', 'Gillio', 'dgillios@arizona.edu', 29),
(30, 'Onfre', 'Larkby', 'olarkbyt@myspace.com', 30),
(31, 'Marja', 'Georgeon', 'mgeorgeonu@bbc.co.uk', 31),
(32, 'Abigale', 'Callicott', 'acallicottv@drupal.org', 32),
(33, 'Carlina', 'Witcombe', 'cwitcombew@dailymail.co.uk', 33),
(34, 'Ferrel', 'Nafziger', 'fnafzigerx@accuweather.com', 34),
(35, 'Seana', 'Oades', 'soadesy@cbslocal.com', 35),
(36, 'Brennen', 'Merton', 'bmertonz@scientificamerican.com', 36),
(37, 'Phyllida', 'Balfour', 'pbalfour10@sourceforge.net', 37),
(38, 'Sean', 'Forsbey', 'sforsbey11@blogtalkradio.com', 38),
(39, 'Karena', 'Edghinn', 'kedghinn12@constantcontact.com', 39),
(40, 'Micky', 'Henrion', 'mhenrion13@ox.ac.uk', 40);



INSERT INTO Airport (Code, Disrupted, SecurityWaitTime)
VALUES
('SKV', 1, 50),
('GDJ', 1, 21),
('KAA', 1, 36),
('MUC', 1, 76),
('QCU', 0, 69),
('QFI', 0, 19),
('AWR', 1, 65),
('DBN', 1, 32),
('SBF', 0, 23),
('OAX', 1, 2),
('KNE', 0, 47),
('SXO', 1, 4),
('BRN', 1, 40),
('YNH', 1, 100),
('OSU', 0, 59),
('KPL', 1, 28),
('NIS', 0, 91),
('YMK', 1, 82),
('CKN', 0, 57),
('GNY', 0, 43),
('DED', 0, 67),
('TBP', 1, 52),
('TUN', 1, 36),
('KCA', 1, 55),
('PFO', 1, 28),
('NBB', 1, 29),
('GOE', 0, 57),
('SHR', 1, 73),
('SNQ', 0, 10),
('KBS', 0, 22),
('ZBM', 1, 77),
('AKG', 1, 30),
('TBT', 1, 93),
('FGU', 0, 44),
('TMD', 1, 65),
('MYI', 0, 15),
('EYR', 1, 16),
('ATX', 1, 95),
('MDC', 1, 92),
('AZI', 1, 8);



INSERT INTO Status (Id, Cancelled, OnTime, DelayedCascading, DelayedTechnicalIssues, DelayedAdminIssues, DelayedOther, DelayedWeather, DelayedOperational)
VALUES
(1, 0, 1, 1, 0, 0, 0, 0, 1),
(2, 0, 0, 1, 1, 1, 1, 1, 1),
(3, 1, 0, 0, 0, 1, 0, 0, 0),
(4, 0, 1, 1, 1, 1, 0, 0, 1),
(5, 0, 0, 1, 1, 0, 0, 1, 1),
(6, 1, 0, 1, 0, 1, 1, 1, 1),
(7, 1, 0, 1, 1, 0, 0, 0, 0),
(8, 0, 1, 1, 1, 1, 1, 0, 1),
(9, 1, 1, 1, 1, 1, 0, 0, 0),
(10, 0, 0, 1, 1, 1, 0, 0, 1),
(11, 1, 0, 1, 0, 0, 0, 1, 1),
(12, 1, 0, 1, 1, 0, 0, 0, 0),
(13, 0, 0, 1, 1, 0, 1, 0, 0),
(14, 0, 1, 1, 0, 0, 1, 0, 1),
(15, 0, 0, 0, 0, 1, 0, 1, 0),
(16, 0, 0, 1, 0, 1, 0, 0, 1),
(17, 1, 1, 0, 0, 1, 1, 1, 0),
(18, 0, 1, 0, 1, 1, 0, 1, 0),
(19, 0, 0, 1, 1, 0, 1, 1, 0),
(20, 1, 1, 1, 1, 0, 0, 0, 0),
(21, 1, 0, 0, 0, 1, 1, 1, 1),
(22, 0, 0, 0, 0, 0, 1, 0, 1),
(23, 1, 0, 0, 0, 1, 1, 1, 1),
(24, 0, 0, 0, 1, 1, 1, 1, 1),
(25, 0, 1, 1, 1, 1, 0, 0, 1),
(26, 1, 1, 0, 0, 1, 1, 1, 0),
(27, 1, 1, 1, 1, 0, 0, 0, 0),
(28, 1, 0, 0, 0, 1, 0, 0, 1),
(29, 0, 0, 0, 0, 0, 0, 0, 0),
(30, 1, 1, 1, 0, 0, 0, 1, 0),
(31, 1, 1, 0, 0, 1, 0, 1, 0),
(32, 0, 1, 0, 0, 0, 0, 1, 0),
(33, 1, 0, 0, 0, 0, 0, 0, 0),
(34, 1, 1, 1, 1, 0, 1, 0, 0),
(35, 0, 0, 0, 1, 1, 1, 1, 1),
(36, 0, 1, 1, 0, 0, 0, 0, 0),
(37, 1, 0, 0, 0, 1, 1, 0, 1),
(38, 1, 1, 0, 0, 1, 1, 0, 1),
(39, 0, 1, 0, 1, 1, 0, 1, 1),
(40, 0, 0, 0, 1, 1, 1, 0, 1);

INSERT INTO Flight (FlightNumber, ArrivalTime, DepartureTime, DepartureDate, Terminal, Gate, Occupancy, Price, FlightTime, AirlineManagerId, ArrivalAirportCode, DepartureAirportCode, Status, AirlineId)
VALUES
(1, '14:30:00', '11:00:00', '2025-03-30', 'A', 'A1', 150, 300, 180, 1, 'BOS', 'LHR', 1, 2),
(2, '16:45:00', '13:30:00', '2025-03-30', 'B', 'B3', 180, 350, 210, 2, 'LHR', 'LTN', 2, 1),
(3, '09:00:00', '06:30:00', '2025-03-30', 'C', 'C5', 120, 250, 120, 3, 'LTN', 'BOS', 1, 2);

INSERT INTO AirportManager (Id, FirstName, LastName, AirportCode)
VALUES
(1, 'Lena', 'Marshall', 'BOS'),
(2, 'Damien', 'Cruz', 'LHR'),
(3, 'Avery', 'Thornton', 'LTN');

INSERT INTO Tracks (FlightNumber, AirportManagerID)
VALUES
(1, 36),
(2, 15),
(3, 4),
(4, 37),
(5, 32),
(6, 18),
(7, 27),
(8, 23),
(9, 8),
(10, 27),
(11, 32),
(12, 32),
(13, 38),
(14, 40),
(15, 3),
(16, 35),
(17, 19),
(18, 20),
(19, 25),
(20, 25),
(21, 4),
(22, 15),
(23, 40),
(24, 21),
(25, 13),
(26, 27),
(27, 40),
(28, 3),
(29, 17),
(30, 40),
(31, 12),
(32, 6),
(33, 31),
(34, 18),
(35, 29),
(36, 23),
(37, 11),
(38, 32),
(39, 22),
(40, 12),
(41, 10),
(42, 1),
(43, 4),
(44, 9),
(45, 18),
(46, 38),
(47, 25),
(48, 12),
(49, 38),
(50, 7),
(51, 9),
(52, 33),
(53, 12),
(54, 38),
(55, 20),
(56, 21),
(57, 33),
(58, 14),
(59, 36),
(60, 33),
(61, 38),
(62, 15),
(63, 20),
(64, 31),
(65, 7),
(66, 31),
(67, 11),
(68, 29),
(69, 13),
(70, 8),
(71, 25),
(72, 31),
(73, 35),
(74, 14),
(75, 7),
(76, 4),
(77, 35),
(78, 10),
(79, 10),
(80, 29),
(81, 34),
(82, 10),
(83, 10),
(84, 17),
(85, 32),
(86, 11),
(87, 9),
(88, 32),
(89, 19),
(90, 18),
(91, 39),
(92, 14),
(93, 2),
(94, 7),
(95, 37),
(96, 17),
(97, 18),
(98, 1),
(99, 38),
(100, 6),
(101, 24),
(102, 24),
(103, 27),
(104, 38),
(105, 37),
(106, 26),
(107, 23),
(108, 34),
(109, 33),
(110, 9),
(111, 11),
(112, 23),
(113, 10),
(114, 37),
(115, 13),
(116, 38),
(117, 10),
(118, 21),
(119, 3),
(120, 8),
(121, 37),
(122, 29),
(123, 17),
(124, 31),
(125, 1);

INSERT INTO Seat (Available, Class, FlightNumber, SeatNumber)
VALUES
(0, 'Economy', 1, 1),
(1, 'Business', 2, 2),
(1, 'Economy', 1, 3);

INSERT INTO Passenger (FirstName, LastName, DOB, Email, Id)
VALUES
('Tallia', 'Featley', '1937-12-31', 'tfeatley0@mapy.cz', 1),
('Sallee', 'Sidden', '2003-09-04', 'ssidden1@blogger.com', 2),
('Linnie', 'Marczyk', '2001-12-30', 'lmarczyk2@google.ca', 3),
('Jena', 'Donalson', '2022-12-13', 'jdonalson3@opera.com', 4),
('Melody', 'Passfield', '1952-01-28', 'mpassfield4@ovh.net', 5),
('Turner', 'Hymans', '2023-10-31', 'thymans5@icio.us', 6),
('Karon', 'Goldspink', '2011-06-18', 'kgoldspink6@youtube.com', 7),
('Carlie', 'Franses', '1955-03-09', 'cfranses7@hostgator.com', 8),
('Cherye', 'Spridgeon', '2020-03-30', 'cspridgeon8@stanford.edu', 9),
('Nara', 'Hampstead', '2022-11-08', 'nhampstead9@xing.com', 10),
('Davidson', 'Dysert', '2023-02-31', 'ddyserta@microsoft.com', 11),
('Mark', 'Setterthwait', '2024-03-13', 'msetterthwaitb@sitemeter.com', 12),
('Charo', 'Eleshenar', '1990-11-03', 'celeshenarc@amazon.co.jp', 13),
('Kelsi', 'Boissier', '1999-11-30', 'kboissierd@fastcompany.com', 14),
('Aridatha', 'Duberry', '1966-07-30', 'aduberrye@utexas.edu', 15),
('Solomon', 'Mendel', '2001-12-31', 'smendelf@networksolutions.com', 16),
('Tallie', 'Ramsey', '2025-12-29', 'tramseyg@skyrock.com', 17),
('Kass', 'Bertie', '2011-10-06', 'kbertieh@howstuffworks.com', 18),
('Ilyssa', 'Questier', '2024-11-30', 'iquestieri@mail.ru', 19),
('Sullivan', 'Dummigan', '1976-05-02', 'sdummiganj@vkontakte.ru', 20),
('Isador', 'Sennett', '1953-12-09', 'isennettk@cnbc.com', 21),
('Quinton', 'Buessen', '1967-11-24', 'qbuessenl@goodreads.com', 22),
('Jessalin', 'Sugarman', '2001-12-03', 'jsugarmanm@1688.com', 23),
('Chris', 'Billes', '1932-03-31', 'cbillesn@hugedomains.com', 24),
('Justine', 'Cutbirth', '2014-12-29', 'jcutbirtho@washingtonpost.com', 25),
('Joannes', 'Regis', '1947-07-03', 'jregisp@liveinternet.ru', 26),
('Alie', 'Daldry', '2020-07-01', 'adaldryq@angelfire.com', 27),
('Georas', 'Lambal', '2022-11-08', 'glambalr@plala.or.jp', 28),
('Ber', 'Sainsbury-Brown', '2021-12-04', 'bsainsburybrowns@bbc.co.uk', 29),
('Winna', 'Swaine', '2022-07-31', 'wswainet@whitehouse.gov', 30),
('Shirline', 'Tydd', '2022-10-11', 'styddu@fema.gov', 31),
('Celestina', 'Manzell', '2007-04-30', 'cmanzellv@163.com', 32),
('Murray', 'Kave', '1993-01-31', 'mkavew@com.com', 33),
('Willi', 'Culross', '2023-10-30', 'wculrossx@example.com', 34),
('Johnnie', 'Skidmore', '2008-04-18', 'jskidmorey@thetimes.co.uk', 35),
('Lorilee', 'Dowsett', '2022-10-30', 'ldowsettz@cpanel.net', 36),
('Harris', 'Grube', '2020-01-07', 'hgrube10@admin.ch', 37),
('Orly', 'Minshall', '2001-02-30', 'ominshall11@so-net.ne.jp', 38),
('Omero', 'Budibent', '1954-07-15', 'obudibent12@myspace.com', 39),
('Roosevelt', 'Pindar', '2000-12-30', 'rpindar13@cnet.com', 40);

INSERT INTO Booked (BoardingPass, Amenities, Luggage, FlightNumber, PassengerId)
VALUES
('https://example.com/boarding-pass/101-JD', 1, 2, 1, 1),
('https://example.com/boarding-pass/102-JS', 0, 1, 2, 2),
('https://example.com/boarding-pass/103-EJ', 1, 3, 3, 3);

INSERT INTO Business (Id, Name, Type, AirportCode)
VALUES
(1, 'LoganEats', 'Dining', 'BOS'),
(2, 'HeathrowShops', 'GiftShop', 'LHR'),
(3, 'LutonMedicates', 'Pharmacy', 'LTN');

INSERT INTO PassengerTravelAgent (PassengerId, TravelAgentId)
VALUES
(38 34),
(35 15),
(12 30),
(31 4),
(4 25),
(20 4),
(33 19),
(36 34),
(5 38),
(12 26),
(6 31),
(32 19),
(39 33),
(38 30),
(27 38),
(14 40),
(15 28),
(6 30),
(26 12),
(17 32),
(11 26),
(23 34),
(29 29),
(39 10),
(18 26),
(16 5),
(11 35),
(36 11),
(27 26),
(32 25),
(13 3),
(34 13),
(2 33),
(11 14),
(4 7),
(16 20),
(25 22),
(11 21),
(24 27),
(23 12),
(20 31),
(30 20),
(18 7),
(10 32),
(34 36),
(2 14),
(19 27),
(6 34),
(9 17),
(19 7),
(26 31),
(16 16),
(4 5),
(24 2),
(12 3),
(39 36),
(6 24),
(7 34),
(31 20),
(3 36),
(8 32),
(33 31),
(4 31),
(7 40),
(3 1),
(35 40),
(11 23),
(37 10),
(35 33),
(1 29),
(37 35),
(25 34),
(33 19),
(2 18),
(32 20),
(3 26),
(11 37),
(12 1),
(5 16),
(8 29),
(21 33),
(36 1),
(14 33),
(23 32),
(14 11),
(29 17),
(38 21),
(23 8),
(3 26),
(10 32),
(3 32),
(25 34),
(9 24),
(13 6),
(16 3),
(28 19),
(26 9),
(28 40),
(19 33),
(33 40),
(5 28),
(34 18),
(19 24),
(2 33),
(27 7),
(8 4),
(10 32),
(11 33),
(25 13),
(23 13),
(27 33),
(13 9),
(23 24),
(36 40),
(22 22),
(4 4),
(38 37),
(20 3),
(34 19),
(38 25),
(40 33),
(13 2),
(25 6),
(26 37),
(12 9);
